﻿<?xml version="1.0" encoding="UTF-8"?>
<configuration debug="false">
	<!-- 控制台输出 -->
    <appender name="STDOUT" target="System.out" class="ch.qos.logback.core.ConsoleAppender">
        <encoder>
            <!-- <pattern>[%5p][%d{MM-dd HH:mm:ss.SSS}][%c:%L]-%m%n</pattern> -->
            <pattern>[%5p]-%m%n</pattern>
        </encoder>
    </appender>
    
    <!-- 按照每天生成日志文件 -->
    <!-- 
	<appender name="FILE" class="ch.qos.logback.core.rolling.RollingFileAppender">
		<Encoding>UTF-8</Encoding>
		<rollingPolicy class="ch.qos.logback.core.rolling.TimeBasedRollingPolicy">
			<FileNamePattern>${catalina.home}/logs/TcpGateway4j.log.%d{yyyy-MM-dd}.log
			</FileNamePattern>
			<MaxHistory>30</MaxHistory>
		</rollingPolicy>
		<layout class="ch.qos.logback.classic.PatternLayout">
			<pattern>[%5p][%d{MM-dd HH:mm:ss.SSS}][%c:%L]-%m%n</pattern>
		</layout>

		<triggeringPolicy
			class="ch.qos.logback.core.rolling.SizeBasedTriggeringPolicy">
			<MaxFileSize>10MB</MaxFileSize>
		</triggeringPolicy>
	</appender>
	-->
	
    <!-- Root Logger -->
    <root level="INFO">
        <!-- <appender-ref ref="STDOUT" />-->
		<!-- <appender-ref ref="FILE" /> -->
    </root>
</configuration>
